meanEQ,sdEQ,meanElong,sdElong,covar,meanMass,sdMass
57.399634812,4.940477011278668,0.899791857602,0.054779791492848895,-0.0018245444127220564,83.211483927,21.074594444390407
