sizeband,Probability,Percent
53,0.08711750632101062,8.7%
58,0.16711028967425154,16.7%
63,0.5360946359664913,53.6%
67,0.15459781618225987,15.5%
72,0.03565374623762929,3.6%
OS,0.0017797411015364473,0.2%
US,0.017646264516820918,1.8%
